{
  "project_info": {
    "project_number": "81001399207",
    "project_id": "myautho-7390ij",
    "storage_bucket": "myautho-7390ij.firebasestorage.app"
  },
  "client": [
    {
      "client_info": {
        "mobilesdk_app_id": "1:81001399207:android:ad106f627e143798656c82",
        "android_client_info": {
          "package_name": "com.mycompany.myautho"
        }
      },
      "oauth_client": [
        {
          "client_id": "81001399207-8silbe11au6qmjapmh116d3k8bkenva5.apps.googleusercontent.com",
          "client_type": 3
        }
      ],
      "api_key": [
        {
          "current_key": "AIzaSyCKztOeq6Deecmna6zyjKGdb3mnTlmTlJc"
        }
      ],
      "services": {
        "appinvite_service": {
          "other_platform_oauth_client": [
            {
              "client_id": "81001399207-8silbe11au6qmjapmh116d3k8bkenva5.apps.googleusercontent.com",
              "client_type": 3
            },
            {
              "client_id": "81001399207-0i760v7knb9mccejjds27opfcuo0b2jl.apps.googleusercontent.com",
              "client_type": 2,
              "ios_info": {
                "bundle_id": "com.mycompany.myautho"
              }
            }
          ]
        }
      }
    }
  ],
  "configuration_version": "1"
}